<?xml version="1.0" encoding="UTF-8" standalone="yes" ?>
<addon id="plugin.video.itv.fshare"
       version="1.1.4"
       name="[COLOR ffff0000]*ITV*[/COLOR]Kho Phim Fshare"
       provider-name="itv member">
  <requires>
    <import addon="xbmc.python" version="2.1.0" optional="true" />
  </requires>
  <extension point="xbmc.python.module" library="fshare.py" />
  <extension point="xbmc.addon.metadata">
    <summary>ITV Entertainment</summary>
    <description>
	- [COLOR ffff0000]Thank Mr thaitni[/COLOR]
	- Thử nghiệm xem phim trên server http://fshare.vn/
	- Để xem được trọn vẹn nội dung các bạn cần đăng nhập tài khoản VIP fshare
	</description>
	<disclaimer lang="en">Nguồn data được chia sẻ trên internet. Chúng tôi không chịu mọi trách nhiệm pháp lý.</disclaimer>
    <platform>all</platform>
  </extension>
</addon>
