<?xml version="1.0" encoding="UTF-8" standalone="yes"?>
<addon
  id="plugin.video.kodi4vn.livestream.com"
  version="0.2"
  name="*[COLOR yellow]LiveStream.com[/COLOR]"
  provider-name="thongld">
  <requires>
    <import addon="xbmc.python" version="2.1.0"/>
    <import addon="script.module.xbmcswift2" version="1.3.1" />
    <import addon="script.module.requests" version="1" />
  </requires>
  <extension point="xbmc.python.module" library="default.py" />
  <extension point="xbmc.addon.metadata">
    <summary>LiveStream.com</summary>
    <description>Watch free livestream.com</description>
    <platform>all</platform>
  </extension>
</addon>