<?xml version="1.0" encoding="UTF-8" standalone="yes"?>
<addon
  id="plugin.video.thongld.vnplaylist"
  version="1.1"
  name="**[COLOR yellow]VN Open Playlist[/COLOR]"
  provider-name="thongld">
  <requires>
    <import addon="xbmc.python" version="2.1.0"/>
    <import addon="script.module.xbmcswift2" version="0.0.7" />
    <import addon="plugin.video.youtube" version="4.4.1" />
    <import addon="script.module.httplib2" version="0.1" />
    <import addon="service.kodi4vn.iptvproxy" version="0.1" />
  </requires>
  <extension point="xbmc.python.pluginsource" library="default.py">
        <provides>video</provides>
  </extension>
  <extension point="xbmc.addon.metadata">
    <summary>AIO Media Center cho người Việt</summary>
    <description>Cổng giải trí mở, miễn phí, tất cả trong một cho người Việt</description>
    <platform>all</platform>
  </extension>
</addon>