<?xml version="1.1" encoding="UTF-8" standalone="yes"?>
	<addon id="script.module.kodi4vn" version="99.1.0" name="Kodi4VN Modules" provider-name="thongld">
		<requires>
			<import addon="xbmc.python" version="2.1.0" />
			<import addon="script.module.requests" />
			<import addon="script.module.kodi-six" />
			<import addon="script.module.cachecontrol" />
			<import addon="script.module.urlresolver" />
			<import addon="script.module.future" />
		</requires>
		<extension point="xbmc.python.module" library="lib" />
		<extension point="xbmc.addon.metadata">
			<summary>Kodi4VN Modules</summary>
			<description>Kodi4VN Modules</description>
			<platform>all</platform>
		</extension>
	</addon>