<?xml version="1.0" encoding="UTF-8" standalone="yes"?>
<addon id="repository.xbmchub" name="TVADDONS.ag Addon Repository" version="9876543210" provider-name="tvaddons.ag">
	<extension point="xbmc.addon.repository" name="TVADDONS.ag Addon Repository">
		<info compressed="false">https://gitlab.com/DerMuell/abschaum/raw/master/xbmchub.xml</info>
		<checksum>https://gitlab.com/DerMuell/abschaum/raw/master/xbmchub.xml.md5</checksum>
		<datadir zip="true">https://gitlab.com/DerMuell/abschaum/raw/master/scheisse</datadir>
	</extension>
	<extension point="xbmc.addon.metadata">
		<summary>The Best Third Party Addons for Kodi, Brought to you by TVADDONS.ag</summary>
		<description>The Best Third Party Addons for Kodi, Brought to you by TVADDONS.ag</description>
		<platform>all</platform>
                <forum>http://forums.tvaddons.ag/forums/113-TVADDONS-AG-ADDON-REPOSITORY</forum>
                <website>http://www.tvaddons.ag/</website>
	</extension>
</addon>

