<?xml version="1.0" encoding="UTF-8" standalone="yes"?>
<addon id="plugin.video.mytamofficial"
	name="[COLOR yellow]MyTam[COLOR lime]Official[/COLOR]"
	version="1.0.0"
	provider-name="lqc1987">
  <requires>
    <import addon="xbmc.python" version="2.1.0"/>
    <import addon="plugin.video.youtube" version="3.0.0"/>
  </requires>
  <extension point="xbmc.python.pluginsource" library="default.py">
    <provides>video</provides>
  </extension>
  <extension point="xbmc.addon.metadata">
    <summary lang="en">[COLOR yellow]Giải [COLOR cyan]trí [COLOR tan]On[COLOR coral]line[/COLOR]</summary>
    <description lang="en">My Tam Official</description>
    <platform>all</platform>
  </extension>
</addon>
