﻿<?xml version="1.0" encoding="UTF-8" standalone="yes"?>
	<addon id="repository.mitaka" name="Mitaka Repo" version="3.0" provider-name="Mitaka">
		<extension point="xbmc.addon.repository" name="Mitaka Repo">
			<info compressed="false">https://raw.githubusercontent.com/mitakashi/mitaka/master/addons.xml</info>
			<checksum>https://raw.githubusercontent.com/mitakashi/mitaka/master/addons.xml.md5</checksum>
			<datadir zip="true">https://raw.githubusercontent.com/mitakashi/mitaka/master/zips</datadir>
		</extension>
		<extension point="xbmc.addon.metadata">
			<summary/>
			<description/>
			<platform>all</platform>
		</extension>
	</addon>