<?xml version="1.0" encoding="UTF-8" standalone="yes"?>
<addon id="plugin.video.megaboxvn"
       name="[COLOR yellow]*megaboxvn[/COLOR]"
       version="0.0.1"
       provider-name="[COLOR lime][B]a[/COLOR][COLOR chocolate]Rookie[/B][/COLOR]">
  <requires>
        <import addon="xbmc.python" version="2.1.0" optional="true" />
		<import addon="script.module.simplejson" />
		<import addon="script.module.t0mm0.common" version="1.1.0"/>
		<import addon="plugin.video.youtube" version="4.4.10"/>		
  </requires>
  <extension point="xbmc.python.pluginsource"
            library="default.py">
        <provides>video</provides>
  </extension>
  <extension point="xbmc.addon.metadata">
    <summary>http://www.megabox.vn</summary>
    <description>Watch videos at http://www.megabox.vn</description>
	<disclaimer lang="en">I am not responsible for the contents of these streams, which are pulled from online provider(s). The streams do not represent my views or opinions in any way.</disclaimer>	
    <platform>all</platform>
  </extension>
</addon>