﻿<?xml version="1.0" encoding="UTF-8" standalone="yes"?>
<addon id="repository.itvviet" name="iTV Viet" version="1.0" provider-name="iTV Viet">
	<extension point="xbmc.addon.repository" name="iTV Viet">
		<info compressed="false">http://itvviet.com/repository/addons.xml</info>
		<checksum>http://itvviet.com/repository/addons.xml.md5</checksum>
		<datadir zip="true">http://itvviet.com/repository/addons</datadir>
	</extension>
	<extension point="xbmc.addon.metadata">
		<summary>iTV Viet</summary>
		<description>iTV Viet</description>
		<platform>all</platform>
	</extension>
</addon>
