﻿<?xml version="1.0" encoding="UTF-8" standalone="yes"?>
	<addon id="repository.mitaka" name="Mitaka Repo" version="2.3" provider-name="Mitaka">
		<requires>
			<import addon="xbmc.python" version="2.1.0"/>
			<import addon="script.module.requests" version="2.6.0"/>
		</requires>
		<extension point="xbmc.addon.repository" name="Mitaka Repo">
			<info compressed="false">https://raw.githubusercontent.com/mitakashi/mitaka/master/addons.xml</info>
			<checksum>https://raw.githubusercontent.com/mitakashi/mitaka/master/addons.xml.md5</checksum>
			<datadir zip="true">https://raw.githubusercontent.com/mitakashi/mitaka/master/zips</datadir>
		</extension>
		<extension point="xbmc.service" library="default.py" start="startup" />
		<extension point="xbmc.addon.metadata">
			<summary></summary>
			<description></description>
			<platform>all</platform>
		</extension>
	</addon>