<?xml version="1.0" encoding="UTF-8" standalone="yes"?>
<addon
  id="plugin.video.xomgiaitri"
  version="1.0.7"
  name="XomGiaiTri.com"
  provider-name="thongld">
  <requires>
    <import addon="xbmc.python" version="2.1.0"/>
  </requires>
  <extension point="xbmc.python.pluginsource" library="default.py">
        <provides>video</provides>
  </extension>
  <extension point="xbmc.addon.metadata">
    <summary>XomGiaiTri.com</summary>
    <description>Xem phim giải trí tại XomGiaiTri.com</description>
    <platform>all</platform>
  </extension>
</addon>