<?xml version="1.0" encoding="UTF-8" standalone="yes"?>
<addon
  id="plugin.video.kodi4vn.bilutv"
  version="1.33"
  name="*[COLOR yellow]BiluTV.com[/COLOR]"
  provider-name="thongld">
  <requires>
    <import addon="xbmc.python" version="2.1.0"/>
    <import addon="script.module.kodiswift" />
    <import addon="script.module.kodi-six" />
    <import addon="script.module.kodi4vn" version="1.0" />
    <import addon="script.module.cfscrape" />
    <import addon="script.module.requests" />
    <import addon="script.module.urlresolver"/>
    <import addon="script.module.futures"/>
  </requires>
  <extension point="xbmc.python.module" library="default.py" />
  <extension point="xbmc.addon.metadata">
    <summary>BiluTV</summary>
    <description>Watch free BiluTV.com (Vietnamese) Channels</description>
    <platform>all</platform>
  </extension>
</addon>