<?xml version="1.0" encoding="UTF-8" standalone="yes"?>
<addon
  id="plugin.video.kodi4vn.phimhayplus"
  version="1.0.5"
  name="*[COLOR yellow]phimhayplus.com[/COLOR]"
  provider-name="thongld">
  <requires>
    <import addon="xbmc.python" version="2.1.0"/>
    <import addon="script.module.kodiswift" />
    <import addon="script.module.kodi-six" />
    <import addon="script.module.cfscrape" />
    <import addon="script.module.requests" />
    <import addon="script.module.kodi4vn" version="0.7"/>
    <import addon="script.module.urlresolver"/>
    <import addon="script.module.futures"/>
  </requires>
  <extension point="xbmc.python.module" library="default.py" />
  <extension point="xbmc.addon.metadata">
    <summary>phimhayplus</summary>
    <description>Watch free phimhayplus.com (Vietnamese)</description>
    <platform>all</platform>
  </extension>
</addon>