<?xml version="1.0" encoding="UTF-8" standalone="yes"?>
<addon id="plugin.audio.itv.music"
       version="1.0.1"
       name="[COLOR ffff0000]*ITV*[/COLOR]Music"
       provider-name="itv member">
  <requires>
    <import addon="xbmc.python" version="2.1.0" optional="true" />
  </requires>
  <extension point="xbmc.python.pluginsource" library="default.py">
        <provides>audio</provides>
  </extension>
  <extension point="xbmc.addon.metadata">
    <summary>Entertainment</summary>
    <description>Nghe nhạc online</description>
	<disclaimer lang="en">Nguồn data trên web nên chúng tôi không chịu trách nhiệm về sự ổn định.</disclaimer>
    <platform>all</platform>
  </extension>
</addon>