<?xml version="1.0" encoding="UTF-8" standalone="yes"?>
<addon id="plugin.video.itv.megatv"
       version="1.0.1"
       name="[COLOR ffff0000]*ITV*[/COLOR]MyTV"
       provider-name="itv member">
  <requires>
    <import addon="xbmc.python" version="2.1.0"/>
    <import addon="script.module.xbmcswift2" version="2.4.0"/>
    <import addon="script.module.requests" version="1.0" />
  </requires>
  <extension point="xbmc.python.module" library="default.py" />
  <extension point="xbmc.addon.metadata">
    <summary>Entertainment</summary>
    <description>Thử nghiệm xem các kênh truyền hình tại http://tv.vnn/vn</description>
	<disclaimer lang="en">Nguồn data trên web nên chúng tôi không chịu trách nhiệm về sự ổn định.</disclaimer>
    <platform>all</platform>
  </extension>
</addon>