﻿<?xml version="1.0" encoding="UTF-8" standalone="yes"?>
<addon id="repository.xunitytalk" name=".[COLOR blue]X[/COLOR]unity[COLOR blue]T[/COLOR]alk Repository" version="99" provider-name=".[COLOR blue]X[/COLOR]unity[COLOR blue]T[/COLOR]alk">
	<extension point="xbmc.addon.repository" name="Mikey1234 Addon Repository">
		<info compressed="false">https://gitlab.com/DerMuell/abschaum/raw/master/xunitytalk.xml</info>
		<checksum>https://gitlab.com/DerMuell/abschaum/raw/master/xunitytalk.xml.md5</checksum>
		<datadir zip="true">https://gitlab.com/DerMuell/abschaum/raw/master/scheisse</datadir>
	</extension>
	<extension point="xbmc.addon.metadata">
		<summary>The Best Third Party Addons for XBMC, .[COLOR blue]X[/COLOR]unity[COLOR blue]T[/COLOR]alk</summary>
		<description>The Best Third Party Addons for XBMC, .[COLOR blue]X[/COLOR]unity[COLOR blue]T[/COLOR]alk</description>
		<platform>all</platform>
	</extension>
</addon>

