﻿<?xml version="1.0" encoding="UTF-8" standalone="yes"?>
<addon id="repository.mitaka" name="Mitaka Repo" version="2.2" provider-name="Mitaka">
	<requires>
		<import addon="xbmc.python" version="2.1.0"/>
		<import addon="script.module.requests" version="2.6.0"/>
	</requires>
	<extension point="xbmc.addon.repository" name="Mitaka Repo">
		<info compressed="false">https://bitbucket.org/mitaka/xbmc/raw/master/addons.xml</info>
		<checksum>https://bitbucket.org/mitaka/xbmc/raw/master/addons.xml.md5</checksum>
		<datadir zip="true">https://bitbucket.org/mitaka/xbmc/raw/master/zips</datadir>
	</extension>
	<extension point="xbmc.service" library="default.py" start="startup" />
	<extension point="xbmc.addon.metadata">
		<summary></summary>
		<description></description>
		<platform>all</platform>
	</extension>
</addon>