<?xml version="1.0" encoding="UTF-8" standalone="yes"?>
<addon id="repository.vietccloud" name="VietcCloud Repository" version="1.0.1" provider-name="vietccloud">
	<extension point="xbmc.addon.repository" name="vietcCloud Addon Repository">
		<info compressed="false">https://github.com/vietccloudtv/repository.vietccloud/raw/master/addons.xml</info>
		<checksum>https://github.com/vietccloudtv/repository.vietccloud/raw/master/addons.xml.md5</checksum>
		<datadir zip="true">https://github.com/vietccloudtv/repository.vietccloud/raw/master/zips</datadir>
	</extension>
	<extension point="xbmc.addon.metadata">
		<summary>Kodi repository</summary>
		<description>Repository for Kodi</description>
		<platform>all</platform>
	</extension>
</addon>