<addon id="plugin.video.kodi4vn.phimlt.com" name="*[COLOR yellow]PhimLT.com[/COLOR]" provider-name="thongld" version="0.6">
  <requires>
    <import addon="xbmc.python" version="2.1.0" />
    <import addon="script.module.xbmcswift2" version="1.3.1" />
    <import addon="plugin.video.youtube" version="4.4.1" />
    <import addon="script.module.requests" version="1" />
    <import addon="script.module.urlresolver" version="0.0.1"/>
  </requires>
  <extension point="xbmc.python.module" library="default.py" />
  <extension point="xbmc.addon.metadata">
    <platform>all</platform>
    <summary>Watch free movies from phimlt.com (phim lồng tiếng, thuyết minh tiếng Việt)</summary>
    <description>Watch free movies from phimlt.com (phim lồng tiếng, thuyết minh tiếng Việt)</description>
  </extension>
</addon>