﻿<?xml version="1.0" encoding="UTF-8" standalone="yes"?>
<addon id="plugin.video.vietmediaF"
       name="[B]VietMediaF[/B]"
       version="99.1.1.30"
       provider-name="VietMedia">
	<requires>
		<import addon="xbmc.python" version="2.1.0" />
		<import addon="plugin.video.youtube" version="5.4.5" />
		<import addon="script.module.requests"/>
		<import addon="script.module.simple.downloader" version="1.9.5" />
		
		
		
 	</requires>
    <extension point="xbmc.python.pluginsource"
               library="default.py">
        <provides>video</provides>
    </extension>
<!--<extension point="xbmc.service" library="autorun.py" start="startup">
	</extension>-->
    <extension point="xbmc.addon.metadata">
        <platform>all</platform>
        <language>en</language>
		<summary lang="en">VietMediaF Video Online</summary>
		<description lang="en">Trung tâm giải trí trực tuyến, xem phim, shows, tivi, ca nhạc, karaoke của người Việt. 
		Các nguồn nội dung được lấy từ các cá nhân và tổ chức cung cấp và chia sẻ miễn phí trên mạng Internet. Add-on hoạt động như một trình duyệt media, không lưu trữ hay sở hữu bất cứ nguồn nội dung nào. Người dùng chịu trách nhiệm hoàn toàn về việc xem các nguồn nội dung này.</description>
    <disclaimer>Các nguồn nội dung được lấy từ các cá nhân và tổ chức cung cấp miễn phí trên mạng Internet. Add-on không lưu trữ hay sở hữu bất cứ nguồn nội dung nào. Người dùng chịu trách nhiệm hoàn toàn về việc xem các nguồn nội dung này.
- http://vietmediaf.net
- https://www.facebook.com/groups/vietkodi/
- Không được sử dụng mã nguồn mà không xin phép tác giả.
- Không được thay đổi tên, hoặc các thông tin liên quan đến các add-on trong group.
</disclaimer>
    </extension>
</addon>
