<?xml version="1.0" encoding="UTF-8" standalone="yes"?>
<addon
  id="plugin.video.phim60s"
  version="2.0.1"
  name="Phim60s.info"
  provider-name="thongld">
  <requires>
    <import addon="xbmc.python" version="2.1.0"/>
		<import addon="script.module.urlresolver" version="0.0.1"/>
  </requires>
  <extension point="xbmc.python.pluginsource" library="default.py">
        <provides>video</provides>
  </extension>
  <extension point="xbmc.addon.metadata">
    <summary>phim60s</summary>
    <description>Watch free phim60s.info (Vietnamese) Videos</description>
    <platform>all</platform>
  </extension>
</addon>