<?xml version="1.0" encoding="UTF-8" standalone="yes"?>
<addon id="repository.kodi9999" name="kodi9999's Repository" version="1.0.0	" provider-name="tivi9999">
	<extension point="xbmc.addon.repository" name="tv9999's Add-on Repository">
		<info compressed="true">http://usbay.net/repokodi/addons.xml</info>
		<checksum>http://usbay.net/repokodi/addons.xml.md5</checksum>
		<datadir zip="true">http://usbay.net/repokodi</datadir>
	</extension>
	<extension point="xbmc.addon.metadata">
		<summary lang="en">kodi9999's repository</summary>
		<description lang="en">Download and install add-ons from the kodi9999's repository.</description>
		<platform>all</platform>
	</extension>
</addon>