﻿<?xml version="1.0" encoding="UTF-8" standalone="yes"?>
	<addon id="repository.xbmc-viet.bitbucket" name="- Viet Addons (BitBucket)" version="2.0" provider-name="Monkey Mountain">
		<extension point="xbmc.addon.repository" name="- Viet Addons (BitBucket)">
			<info compressed="false">https://bitbucket.org/monkeymountain/idok/raw/master/addons.xml</info>
			<checksum>https://bitbucket.org/monkeymountain/idok/raw/master/addons.xml.md5</checksum>
			<datadir zip="true">https://bitbucket.org/monkeymountain/idok/raw/master/addons</datadir>
		</extension>
		<extension point="xbmc.addon.metadata">
			<summary>Install Viet Addons</summary>
			<description>Download and install Viet Addons</description>
			<platform>all</platform>
		</extension>
	</addon>