<?xml version="1.0" encoding="UTF-8" standalone="yes"?>
<addon id="plugin.audio.itv.nhacso"
       name="[COLOR blue]*ITV*[/COLOR]Nhạc Số"
       version="1.0.1"
       provider-name="itv member">
	<requires>
		<import addon="xbmc.python" version="2.1.0" />
		<import addon="script.module.simple.downloader" version="1.9.4" />
	</requires>
  <extension point="xbmc.python.module" library="default.py" />
  <extension point="xbmc.addon.metadata">
		<summary lang="en">Entertainment</summary>
		<description lang="en">Thử nghiệm nghe nhạc tại http://nhacso.net/</description>
        <disclaimer lang="en">Nguồn data trên web nên chúng tôi không chịu trách nhiệm về sự ổn định.</disclaimer>
        <platform>all</platform>
        <language>en</language>
    </extension>
</addon>
