<?xml version="1.0" encoding="UTF-8" standalone="yes"?>
<addon id="plugin.video.itv.htvonline"
       version="1.0.8"
       name="[COLOR ffff0000]*ITV*[/COLOR]HTVonline"
       provider-name="itv member">
  <requires>
    <import addon="xbmc.python" version="2.1.0" optional="true" />
  </requires>
  <extension point="xbmc.python.module" library="default.py" />
  <extension point="xbmc.addon.metadata">
    <summary>Entertainment</summary>
    <description>Thử nghiệm xem các kênh truyền hình tại http://www.htvonline.com.vn/</description>
	<disclaimer lang="en">Nguồn data trên web nên chúng tôi không chịu trách nhiệm về sự ổn định.</disclaimer>
    <platform>all</platform>
  </extension>
</addon>