﻿<?xml version="1.0" encoding="UTF-8" standalone="yes"?>
	<addon id="repository.xbmc-viet.assembla" name="- Viet Addons (Assembla)" version="2.0" provider-name="Monkey Mountain">
		<extension point="xbmc.addon.repository" name="- Viet Addons (Assembla)">
			<info compressed="false">https://subversion.assembla.com/svn/idok/addons.xml</info>
			<checksum>https://subversion.assembla.com/svn/idok/addons.xml.md5</checksum>
			<datadir zip="false">https://subversion.assembla.com/svn/idok/addons</datadir>
		</extension>
		<extension point="xbmc.addon.metadata">
			<summary>Install Viet Addons</summary>
			<description>Download and install Viet Addons</description>
			<platform>all</platform>
		</extension>
	</addon>
